variante,n,k,m,semilla,resultado,colocadas,ocupadas,nodos,tiempo_s
ventana_10,10,25,300,301,victoria,300,25,300,0.019
ventana_10,10,25,300,302,victoria,300,25,300,0.02
ventana_10,10,25,300,303,victoria,300,25,300,0.018
ventana_10,10,60,300,301,victoria,300,70,30000,2.347
ventana_10,10,60,300,302,victoria,300,83,30000,2.431
ventana_10,10,60,300,303,victoria,300,82,30000,2.453
ventana_10,12,40,432,301,victoria,432,40,3020,0.338
ventana_10,12,40,432,302,victoria,432,41,30000,4.705
ventana_10,12,40,432,303,victoria,432,40,432,0.075
ventana_10,12,100,432,301,derrota,345,144,30000,4.389
ventana_10,12,100,432,302,derrota,340,144,30000,4.264
ventana_10,12,100,432,303,derrota,318,144,30000,4.333
ventana_10,16,50,768,301,victoria,768,50,768,0.135
ventana_10,16,50,768,302,victoria,768,50,768,0.154
ventana_10,16,50,768,303,victoria,768,50,768,0.175
ventana_10,16,150,768,301,derrota,741,256,30000,4.59
ventana_10,16,150,768,302,derrota,703,256,30000,5.065
ventana_10,16,150,768,303,victoria,768,223,30000,5.753
ventana_10,20,100,1200,301,victoria,1200,105,30000,6.056
ventana_10,20,100,1200,302,victoria,1200,106,30000,5.035
ventana_10,20,100,1200,303,victoria,1200,101,30000,4.004
ventana_10,24,200,1728,301,victoria,1728,228,30000,4.62
ventana_10,24,200,1728,302,victoria,1728,246,30000,4.638
ventana_10,24,200,1728,303,victoria,1728,223,30000,5.217
ventana_10_bloqueos,10,25,300,301,victoria,300,25,300,0.036
ventana_10_bloqueos,10,25,300,302,victoria,300,25,300,0.035
ventana_10_bloqueos,10,25,300,303,victoria,300,25,300,0.035
ventana_10_bloqueos,10,60,300,301,victoria,300,62,30000,4.191
ventana_10_bloqueos,10,60,300,302,victoria,300,64,30000,4.137
ventana_10_bloqueos,10,60,300,303,victoria,300,63,30000,4.833
ventana_10_bloqueos,12,40,432,301,victoria,432,40,432,0.083
ventana_10_bloqueos,12,40,432,302,victoria,432,40,432,0.073
ventana_10_bloqueos,12,40,432,303,victoria,432,40,432,0.078
ventana_10_bloqueos,12,100,432,301,derrota,426,144,30000,5.167
ventana_10_bloqueos,12,100,432,302,victoria,432,123,30000,5.858
ventana_10_bloqueos,12,100,432,303,derrota,427,144,30000,5.292
ventana_10_bloqueos,16,50,768,301,victoria,768,50,768,0.146
ventana_10_bloqueos,16,50,768,302,victoria,768,50,768,0.134
ventana_10_bloqueos,16,50,768,303,victoria,768,50,768,0.145
ventana_10_bloqueos,16,150,768,301,victoria,768,167,30000,7.662
ventana_10_bloqueos,16,150,768,302,victoria,768,174,30000,6.322
ventana_10_bloqueos,16,150,768,303,victoria,768,164,30000,5.987
ventana_10_bloqueos,20,100,1200,301,victoria,1200,100,1200,0.201
ventana_10_bloqueos,20,100,1200,302,victoria,1200,100,1200,0.216
ventana_10_bloqueos,20,100,1200,303,victoria,1200,100,1200,0.199
ventana_10_bloqueos,24,200,1728,301,victoria,1728,200,1728,0.422
ventana_10_bloqueos,24,200,1728,302,victoria,1728,201,30000,6.994
ventana_10_bloqueos,24,200,1728,303,victoria,1728,200,25909,6.068
