variante,n,k,m,semilla,resultado,colocadas,ocupadas,evaluaciones,tiempo_s
base,4,12,48,101,victoria,48,14,1500,0.205
base,4,12,48,102,victoria,48,11,40,0.007
base,4,12,48,103,victoria,48,12,40,0.006
base,5,16,75,101,victoria,75,16,78,0.028
base,5,16,75,102,victoria,75,16,192,0.069
base,5,16,75,103,victoria,75,16,268,0.086
base,6,24,108,101,victoria,108,27,1500,0.924
base,6,24,108,102,victoria,108,23,40,0.026
base,6,24,108,103,victoria,108,24,1484,0.929
base,7,32,147,101,derrota,116,49,1500,1.008
base,7,32,147,102,victoria,147,45,1500,1.411
base,7,32,147,103,victoria,147,39,1500,1.508
voraz,4,12,48,101,derrota,34,16,1,0.0
voraz,4,12,48,102,victoria,48,13,1,0.0
voraz,4,12,48,103,derrota,35,16,1,0.0
voraz,5,16,75,101,victoria,75,17,1,0.0
voraz,5,16,75,102,victoria,75,22,1,0.0
voraz,5,16,75,103,derrota,56,25,1,0.0
voraz,6,24,108,101,victoria,108,32,1,0.001
voraz,6,24,108,102,victoria,108,24,1,0.001
voraz,6,24,108,103,derrota,76,36,1,0.001
voraz,7,32,147,101,derrota,82,49,1,0.001
voraz,7,32,147,102,derrota,116,49,1,0.001
voraz,7,32,147,103,derrota,95,49,1,0.001
sin_cruce,4,12,48,101,victoria,48,14,1500,0.225
sin_cruce,4,12,48,102,victoria,48,11,40,0.007
sin_cruce,4,12,48,103,victoria,48,12,40,0.006
sin_cruce,5,16,75,101,victoria,75,16,78,0.029
sin_cruce,5,16,75,102,victoria,75,16,268,0.103
sin_cruce,5,16,75,103,victoria,75,16,154,0.049
sin_cruce,6,24,108,101,victoria,108,28,1500,0.898
sin_cruce,6,24,108,102,victoria,108,23,40,0.026
sin_cruce,6,24,108,103,victoria,108,25,1500,0.919
sin_cruce,7,32,147,101,derrota,121,49,1500,1.075
sin_cruce,7,32,147,102,victoria,147,47,1500,1.332
sin_cruce,7,32,147,103,victoria,147,39,1500,1.515
poblacion_20,4,12,48,101,victoria,48,12,128,0.017
poblacion_20,4,12,48,102,victoria,48,11,20,0.003
poblacion_20,4,12,48,103,victoria,48,12,200,0.035
poblacion_20,5,16,75,101,victoria,75,16,74,0.028
poblacion_20,5,16,75,102,victoria,75,16,236,0.088
poblacion_20,5,16,75,103,victoria,75,16,308,0.104
poblacion_20,6,24,108,101,victoria,108,26,1500,0.992
poblacion_20,6,24,108,102,victoria,108,23,20,0.014
poblacion_20,6,24,108,103,victoria,108,24,1442,0.92
poblacion_20,7,32,147,101,derrota,111,49,1500,1.066
poblacion_20,7,32,147,102,derrota,132,49,1500,1.314
poblacion_20,7,32,147,103,victoria,147,39,1500,1.5
poblacion_80,4,12,48,101,victoria,48,12,1016,0.137
poblacion_80,4,12,48,102,victoria,48,11,80,0.013
poblacion_80,4,12,48,103,victoria,48,12,80,0.011
poblacion_80,5,16,75,101,victoria,75,16,158,0.057
poblacion_80,5,16,75,102,victoria,75,16,392,0.146
poblacion_80,5,16,75,103,victoria,75,16,548,0.182
poblacion_80,6,24,108,101,victoria,108,26,1500,0.928
poblacion_80,6,24,108,102,victoria,108,23,80,0.051
poblacion_80,6,24,108,103,victoria,108,25,1500,0.929
poblacion_80,7,32,147,101,derrota,119,49,1500,1.05
poblacion_80,7,32,147,102,derrota,137,49,1500,1.263
poblacion_80,7,32,147,103,victoria,147,40,1500,1.476
torneo_2,4,12,48,101,victoria,48,13,1500,0.205
torneo_2,4,12,48,102,victoria,48,11,40,0.007
torneo_2,4,12,48,103,victoria,48,12,40,0.006
torneo_2,5,16,75,101,victoria,75,16,116,0.042
torneo_2,5,16,75,102,victoria,75,16,306,0.121
torneo_2,5,16,75,103,victoria,75,16,306,0.098
torneo_2,6,24,108,101,victoria,108,24,1500,1.001
torneo_2,6,24,108,102,victoria,108,23,40,0.027
torneo_2,6,24,108,103,victoria,108,24,496,0.281
torneo_2,7,32,147,101,derrota,121,49,1500,1.068
torneo_2,7,32,147,102,derrota,145,49,1500,1.353
torneo_2,7,32,147,103,victoria,147,40,1500,1.442
torneo_5,4,12,48,101,victoria,48,14,1500,0.212
torneo_5,4,12,48,102,victoria,48,11,40,0.007
torneo_5,4,12,48,103,victoria,48,12,40,0.006
torneo_5,5,16,75,101,victoria,75,16,78,0.028
torneo_5,5,16,75,102,victoria,75,16,116,0.044
torneo_5,5,16,75,103,victoria,75,16,344,0.122
torneo_5,6,24,108,101,victoria,108,27,1500,0.994
torneo_5,6,24,108,102,victoria,108,23,40,0.026
torneo_5,6,24,108,103,victoria,108,27,1500,0.927
torneo_5,7,32,147,101,derrota,121,49,1500,1.058
torneo_5,7,32,147,102,derrota,129,49,1500,1.261
torneo_5,7,32,147,103,victoria,147,40,1500,1.572
mutados_1,4,12,48,101,victoria,48,14,1500,0.22
mutados_1,4,12,48,102,victoria,48,11,40,0.007
mutados_1,4,12,48,103,victoria,48,12,40,0.006
mutados_1,5,16,75,101,victoria,75,16,306,0.112
mutados_1,5,16,75,102,victoria,75,16,230,0.086
mutados_1,5,16,75,103,victoria,75,16,724,0.253
mutados_1,6,24,108,101,victoria,108,27,1500,0.938
mutados_1,6,24,108,102,victoria,108,23,40,0.026
mutados_1,6,24,108,103,victoria,108,27,1500,0.905
mutados_1,7,32,147,101,derrota,122,49,1500,1.139
mutados_1,7,32,147,102,derrota,142,49,1500,1.36
mutados_1,7,32,147,103,victoria,147,38,1500,1.546
mutados_4,4,12,48,101,victoria,48,12,192,0.025
mutados_4,4,12,48,102,victoria,48,11,40,0.007
mutados_4,4,12,48,103,victoria,48,12,40,0.006
mutados_4,5,16,75,101,victoria,75,16,192,0.069
mutados_4,5,16,75,102,victoria,75,16,534,0.2
mutados_4,5,16,75,103,victoria,75,16,1408,0.466
mutados_4,6,24,108,101,victoria,108,26,1500,0.903
mutados_4,6,24,108,102,victoria,108,23,40,0.026
mutados_4,6,24,108,103,victoria,108,26,1500,0.876
mutados_4,7,32,147,101,derrota,127,49,1500,1.129
mutados_4,7,32,147,102,victoria,147,48,1500,1.282
mutados_4,7,32,147,103,victoria,147,38,1500,1.397
rango_0.15,4,12,48,101,victoria,48,14,1500,0.217
rango_0.15,4,12,48,102,victoria,48,11,78,0.013
rango_0.15,4,12,48,103,victoria,48,12,40,0.005
rango_0.15,5,16,75,101,victoria,75,16,838,0.303
rango_0.15,5,16,75,102,victoria,75,17,1500,0.563
rango_0.15,5,16,75,103,victoria,75,16,306,0.105
rango_0.15,6,24,108,101,victoria,108,26,1500,0.969
rango_0.15,6,24,108,102,victoria,108,23,116,0.08
rango_0.15,6,24,108,103,victoria,108,26,1500,0.942
rango_0.15,7,32,147,101,derrota,114,49,1500,1.094
rango_0.15,7,32,147,102,derrota,139,49,1500,1.349
rango_0.15,7,32,147,103,victoria,147,41,1500,1.559
rango_0.5,4,12,48,101,victoria,48,14,1500,0.209
rango_0.5,4,12,48,102,victoria,48,11,116,0.019
rango_0.5,4,12,48,103,victoria,48,12,40,0.007
rango_0.5,5,16,75,101,victoria,75,16,534,0.19
rango_0.5,5,16,75,102,victoria,75,16,154,0.054
rango_0.5,5,16,75,103,victoria,75,16,534,0.179
rango_0.5,6,24,108,101,victoria,108,26,1500,0.935
rango_0.5,6,24,108,102,victoria,108,23,40,0.024
rango_0.5,6,24,108,103,victoria,108,26,1500,0.901
rango_0.5,7,32,147,101,derrota,119,49,1500,1.057
rango_0.5,7,32,147,102,derrota,143,49,1500,1.381
rango_0.5,7,32,147,103,victoria,147,35,1500,1.533
densidad_0,4,12,48,101,victoria,48,14,1500,0.21
densidad_0,4,12,48,102,victoria,48,11,78,0.013
densidad_0,4,12,48,103,victoria,48,12,230,0.033
densidad_0,5,16,75,101,victoria,75,16,116,0.042
densidad_0,5,16,75,102,victoria,75,16,344,0.126
densidad_0,5,16,75,103,victoria,75,16,420,0.136
densidad_0,6,24,108,101,victoria,108,25,1500,0.964
densidad_0,6,24,108,102,victoria,108,23,154,0.105
densidad_0,6,24,108,103,victoria,108,25,1500,0.925
densidad_0,7,32,147,101,derrota,118,49,1500,1.084
densidad_0,7,32,147,102,derrota,130,49,1500,1.238
densidad_0,7,32,147,103,victoria,147,38,1500,1.511
densidad_0.3,4,12,48,101,victoria,48,14,1500,0.208
densidad_0.3,4,12,48,102,victoria,48,11,40,0.006
densidad_0.3,4,12,48,103,victoria,48,12,40,0.006
densidad_0.3,5,16,75,101,victoria,75,16,268,0.092
densidad_0.3,5,16,75,102,victoria,75,16,914,0.34
densidad_0.3,5,16,75,103,victoria,75,17,1500,0.538
densidad_0.3,6,24,108,101,victoria,108,26,1500,0.952
densidad_0.3,6,24,108,102,victoria,108,23,154,0.098
densidad_0.3,6,24,108,103,victoria,108,27,1500,0.899
densidad_0.3,7,32,147,101,derrota,110,49,1500,1.044
densidad_0.3,7,32,147,102,victoria,147,41,1500,1.479
densidad_0.3,7,32,147,103,victoria,147,35,1500,1.53
elite_1,4,12,48,101,victoria,48,14,1500,0.211
elite_1,4,12,48,102,victoria,48,11,40,0.006
elite_1,4,12,48,103,victoria,48,12,40,0.006
elite_1,5,16,75,101,victoria,75,16,79,0.028
elite_1,5,16,75,102,victoria,75,16,547,0.204
elite_1,5,16,75,103,victoria,75,16,547,0.185
elite_1,6,24,108,101,victoria,108,26,1500,0.937
elite_1,6,24,108,102,victoria,108,23,40,0.026
elite_1,6,24,108,103,victoria,108,28,1500,0.887
elite_1,7,32,147,101,derrota,108,49,1500,1.006
elite_1,7,32,147,102,victoria,147,43,1500,1.429
elite_1,7,32,147,103,victoria,147,38,1500,1.515
elite_5,4,12,48,101,victoria,48,14,1500,0.21
elite_5,4,12,48,102,victoria,48,11,40,0.007
elite_5,4,12,48,103,victoria,48,12,40,0.006
elite_5,5,16,75,101,victoria,75,16,75,0.028
elite_5,5,16,75,102,victoria,75,16,145,0.053
elite_5,5,16,75,103,victoria,75,16,250,0.083
elite_5,6,24,108,101,victoria,108,27,1500,0.931
elite_5,6,24,108,102,victoria,108,23,40,0.026
elite_5,6,24,108,103,victoria,108,24,775,0.481
elite_5,7,32,147,101,derrota,108,49,1500,1.014
elite_5,7,32,147,102,victoria,147,41,1500,1.441
elite_5,7,32,147,103,victoria,147,39,1500,1.507
mutados_6,4,12,48,101,victoria,48,14,1500,0.187
mutados_6,4,12,48,102,victoria,48,11,40,0.007
mutados_6,4,12,48,103,victoria,48,12,40,0.006
mutados_6,5,16,75,101,victoria,75,16,496,0.173
mutados_6,5,16,75,102,victoria,75,16,306,0.11
mutados_6,5,16,75,103,victoria,75,16,800,0.245
mutados_6,6,24,108,101,victoria,108,26,1500,0.888
mutados_6,6,24,108,102,victoria,108,23,40,0.027
mutados_6,6,24,108,103,victoria,108,24,648,0.35
mutados_6,7,32,147,101,derrota,134,49,1500,1.047
mutados_6,7,32,147,102,victoria,147,43,1500,1.347
mutados_6,7,32,147,103,victoria,147,41,1500,1.343
mutados_4_densidad_0.3,4,12,48,101,victoria,48,14,1500,0.196
mutados_4_densidad_0.3,4,12,48,102,victoria,48,11,40,0.006
mutados_4_densidad_0.3,4,12,48,103,victoria,48,12,40,0.006
mutados_4_densidad_0.3,5,16,75,101,victoria,75,16,154,0.053
mutados_4_densidad_0.3,5,16,75,102,victoria,75,16,78,0.026
mutados_4_densidad_0.3,5,16,75,103,victoria,75,16,382,0.121
mutados_4_densidad_0.3,6,24,108,101,victoria,108,23,990,0.608
mutados_4_densidad_0.3,6,24,108,102,victoria,108,23,306,0.204
mutados_4_densidad_0.3,6,24,108,103,victoria,108,25,1500,0.848
mutados_4_densidad_0.3,7,32,147,101,derrota,123,49,1500,1.065
mutados_4_densidad_0.3,7,32,147,102,victoria,147,39,1500,1.376
mutados_4_densidad_0.3,7,32,147,103,victoria,147,40,1500,1.43
