agente,n,k,m,ejecuciones,validas,victorias,fallos,colocadas_media,colocadas_desviacion,ocupadas_media,ocupadas_desviacion,mayor_media,mayor_desviacion,tiempo_s_media,tiempo_s_desviacion,esfuerzo_media,esfuerzo_desviacion
search,4,4,48,3,3,3,0,48,0.0,4,0.0,78.66666666666667,7.094598884597588,0.0014333333333333333,5.7735026918962605e-05,48,0.0
search,4,12,48,3,3,3,0,48,0.0,12,0.0,38,6.928203230275509,0.7655,0.6290794226486827,31180.333333333332,25738.539475528392
search,4,24,48,3,3,0,0,20.666666666666668,2.0816659994661326,16,0.0,15.666666666666666,0.5773502691896257,0.8684,0.1431219410153454,39323.666666666664,4261.170300907173
search,6,4,108,3,3,3,0,108,0.0,4,0.0,168.66666666666666,17.009801096230763,0.004066666666666666,0.00020816659994661333,108,0.0
search,6,12,108,3,3,3,0,108,0.0,12,0.0,80.33333333333333,4.163331998932265,0.004166666666666667,0.00011547005383792495,108,0.0
search,6,24,108,3,3,3,0,108,0.0,25.666666666666668,1.5275252316519468,50.333333333333336,2.0816659994661326,2.8215666666666666,1.9995267298371715,71171.33333333333,49932.715381133974
search,8,4,192,3,3,3,0,192,0.0,4,0.0,273.3333333333333,9.29157324317757,0.010199999999999999,0.0008185352771872454,192,0.0
search,8,12,192,3,3,3,0,192,0.0,12,0.0,111.66666666666667,11.015141094572204,0.009966666666666667,0.00011547005383792445,192,0.0
search,8,24,192,3,3,3,0,192,0.0,24,0.0,69.66666666666667,1.5275252316519468,0.0173,0.012471166745737946,319.6666666666667,221.12515309962666
trivial,4,4,48,3,3,0,0,33.666666666666664,9.29157324317757,16,0.0,39,18.520259177452136,0.0001,0.0,33.666666666666664,9.29157324317757
trivial,4,12,48,3,3,0,0,17.333333333333332,0.5773502691896257,16,0.0,12,3.0,3.3333333333333335e-05,5.773502691896258e-05,17.333333333333332,0.5773502691896257
trivial,4,24,48,3,3,0,0,16.666666666666668,0.5773502691896257,16,0.0,12,3.0,3.3333333333333335e-05,5.773502691896258e-05,16.666666666666668,0.5773502691896257
trivial,6,4,108,3,3,1,0,98.33333333333333,8.736894948054104,35.333333333333336,1.1547005383792515,64.33333333333333,11.846237095944574,0.0003,0.0,98.33333333333333,8.736894948054104
trivial,6,12,108,3,3,0,0,43,3.605551275463989,36,0.0,17.666666666666668,3.0550504633038935,0.0001,0.0,43,3.605551275463989
trivial,6,24,108,3,3,0,0,39,2.6457513110645907,36,0.0,15.666666666666666,6.506407098647712,0.0001,0.0,39,2.6457513110645907
trivial,8,4,192,3,3,1,0,166.66666666666666,24.54248017893329,60.666666666666664,5.773502691896257,60,23.302360395462088,0.0005666666666666667,0.00011547005383792514,166.66666666666666,24.54248017893329
trivial,8,12,192,3,3,0,0,76.33333333333333,4.041451884327381,64,0.0,19.666666666666668,4.618802153517006,0.00023333333333333333,5.773502691896256e-05,76.33333333333333,4.041451884327381
trivial,8,24,192,3,3,0,0,68.33333333333333,3.0550504633038935,64,0.0,15,1.0,0.0002,0.0,68.33333333333333,3.0550504633038935
