agente,n,k,m,semilla,estado,colocadas,ocupadas,mayor,tiempo_s,esfuerzo,detalle
search,8,5,192,1,victoria,192,5,218,0.0158,192,
evolutionary,8,5,192,1,victoria,192,5,218,0.1517,40,
search,8,5,192,2,victoria,192,5,236,0.016,192,
evolutionary,8,5,192,2,victoria,192,5,236,0.1469,40,
search,8,5,192,3,victoria,192,5,242,0.0128,192,
evolutionary,8,5,192,3,victoria,192,5,242,0.1437,40,
search,8,25,192,1,victoria,192,25,66,0.0151,192,
evolutionary,8,25,192,1,victoria,192,30,66,7.1535,1953,
search,8,25,192,2,victoria,192,25,67,0.0191,192,
evolutionary,8,25,192,2,victoria,192,27,67,6.3435,1953,
search,8,25,192,3,victoria,192,25,68,1.0966,12039,
evolutionary,8,25,192,3,victoria,192,27,68,6.4117,1953,
search,8,100,192,1,derrota,82,64,18,4.4703,75000,
evolutionary,8,100,192,1,derrota,79,64,21,1.7686,1953,
search,8,100,192,2,derrota,93,64,23,4.6063,75000,
evolutionary,8,100,192,2,derrota,87,64,19,1.8795,1953,
search,8,100,192,3,derrota,100,64,30,4.2819,75000,
evolutionary,8,100,192,3,derrota,85,64,22,1.7754,1953,
search,16,5,192,1,victoria,192,5,218,0.0316,192,
evolutionary,16,5,192,1,victoria,192,5,218,0.4285,40,
search,16,5,192,2,victoria,192,5,236,0.0267,192,
evolutionary,16,5,192,2,victoria,192,5,236,0.4729,40,
search,16,5,192,3,victoria,192,5,242,0.0282,192,
evolutionary,16,5,192,3,victoria,192,5,242,0.4324,40,
search,16,25,192,1,victoria,192,25,66,0.0294,192,
evolutionary,16,25,192,1,victoria,192,26,66,2.7099,244,
search,16,25,192,2,victoria,192,25,67,0.028,192,
evolutionary,16,25,192,2,victoria,192,27,67,2.6701,244,
search,16,25,192,3,victoria,192,26,68,6.3113,37500,
evolutionary,16,25,192,3,victoria,192,27,68,2.6933,244,
search,16,100,192,1,victoria,192,87,36,0.1079,575,
evolutionary,16,100,192,1,victoria,192,136,30,2.2925,244,
search,16,100,192,2,victoria,192,89,32,6.5148,37500,
evolutionary,16,100,192,2,victoria,192,130,24,2.1,244,
search,16,100,192,3,victoria,192,89,34,0.0285,192,
evolutionary,16,100,192,3,victoria,192,135,25,2.0752,244,
search,32,5,192,1,victoria,192,5,218,0.0865,192,
evolutionary,32,5,192,1,victoria,192,5,218,1.3578,30,
search,32,5,192,2,victoria,192,5,236,0.0886,192,
evolutionary,32,5,192,2,victoria,192,5,236,1.3399,30,
search,32,5,192,3,victoria,192,5,242,0.0868,192,
evolutionary,32,5,192,3,victoria,192,5,242,1.3424,30,
search,32,25,192,1,victoria,192,25,66,0.0908,192,
evolutionary,32,25,192,1,victoria,192,30,60,1.3876,30,
search,32,25,192,2,victoria,192,25,67,0.0922,192,
evolutionary,32,25,192,2,victoria,192,29,67,1.3303,30,
search,32,25,192,3,victoria,192,25,68,0.0894,192,
evolutionary,32,25,192,3,victoria,192,29,68,1.359,30,
search,32,100,192,1,victoria,192,87,36,0.0884,192,
evolutionary,32,100,192,1,victoria,192,119,36,1.2702,30,
search,32,100,192,2,victoria,192,86,32,0.0966,192,
evolutionary,32,100,192,2,victoria,192,122,26,1.2755,30,
search,32,100,192,3,victoria,192,89,34,0.0901,192,
evolutionary,32,100,192,3,victoria,192,117,31,1.28,30,
